id;created;start_time;end_time;services
1;2023-02-25T02:22:53;2023-02-25T15:05:04;2023-02-25T07:06:28;Ball
2;2023-02-25T16:00:10;2023-02-25T12:16:40;2023-02-25T00:49:20;auxiliary TCP Lodge
3;2023-02-25T03:41:26;2023-02-25T00:30:05;2023-02-24T22:25:46;Buckinghamshire
4;2023-02-25T17:49:56;2023-02-25T05:53:06;2023-02-25T06:37:37;Chief mobile Borders
5;2023-02-25T04:22:19;2023-02-25T00:09:32;2023-02-25T13:27:18;Producer Cambridgeshire Toys
6;2023-02-25T14:20:03;2023-02-25T05:09:48;2023-02-25T04:04:04;orchid
7;2023-02-25T20:58:03;2023-02-25T20:48:38;2023-02-25T09:49:21;Ergonomic Kroon
8;2023-02-25T21:54:29;2023-02-25T04:00:06;2023-02-25T12:48:02;Global
9;2023-02-25T11:39:09;2023-02-25T00:20:19;2023-02-25T03:46:29;Wooden
10;2023-02-25T10:23:52;2023-02-25T04:31:20;2023-02-25T01:48:47;Soap
